email_id,tag,start,end,text
msg_086,EMAIL_ADDRESS,2535,2572,envelope-from=dongjoon.hyun@gmail.com
msg_086,DATE_TIME,384,395,24 Jan 2025
msg_086,DATE_TIME,747,758,24 Jan 2025
msg_086,DATE_TIME,759,767,20:25:23
msg_086,DATE_TIME,826,837,24 Jan 2025
msg_086,DATE_TIME,1205,1216,24 Jan 2025
msg_086,DATE_TIME,1217,1225,20:25:18
msg_086,DATE_TIME,1369,1373,"Fri,"
msg_086,DATE_TIME,1374,1385,24 Jan 2025
msg_086,DATE_TIME,1386,1394,20:25:17
msg_086,DATE_TIME,1631,1635,"Fri,"
msg_086,DATE_TIME,1636,1647,24 Jan 2025
msg_086,DATE_TIME,1648,1662,20:25:17 +0000
msg_086,NRP,1686,1692,Debian
msg_086,LOCATION,1883,1901,DKIM_VALID_AU=-0.1
msg_086,LOCATION,1942,1969,RCVD_IN_DNSWL_BLOCKED=0.001
msg_086,DATE_TIME,2326,2331,10024
msg_086,DATE_TIME,2395,2406,24 Jan 2025
msg_086,DATE_TIME,2407,2421,20:25:17 +0000
msg_086,DATE_TIME,2805,2809,"Fri,"
msg_086,DATE_TIME,2810,2821,24 Jan 2025
msg_086,DATE_TIME,2971,2975,"Fri,"
msg_086,DATE_TIME,2976,2987,24 Jan 2025
msg_086,LOCATION,3096,3108,t=1737750310
msg_086,PERSON,3110,3122,x=1738355110
msg_086,NRP,3635,3703,Pb1Nd2TVwTHlFhFpjyUjkyIt3NjppUlK1vF0dVCEdshhUQY4XKs5AtYp1lGnamTI3Dfv
msg_086,LOCATION,3816,3828,t=1737750310
msg_086,PERSON,3830,3842,x=1738355110
msg_086,DATE_TIME,4904,4908,2002
msg_086,DATE_TIME,5010,5014,"Fri,"
msg_086,DATE_TIME,5015,5026,24 Jan 2025
msg_086,DATE_TIME,5124,5135,24 Jan 2025
msg_086,DATE_TIME,5136,5144,12:24:57
msg_086,NRP,5367,5374,Connect
msg_086,PHONE_NUMBER,258,272,[3.227.148.255
msg_086,PHONE_NUMBER,473,489,[116.203.246.181
msg_086,PHONE_NUMBER,1309,1325,(116.203.196.100
msg_086,PHONE_NUMBER,2287,2303,[116.203.196.100
msg_086,PHONE_NUMBER,3098,3108,1737750310
msg_086,PHONE_NUMBER,3112,3122,1738355110
msg_086,PHONE_NUMBER,3818,3828,1737750310
msg_086,PHONE_NUMBER,3832,3842,1738355110
msg_086,US_DRIVER_LICENSE,2518,2522,f173
msg_086,US_DRIVER_LICENSE,2619,2623,f173
msg_086,US_DRIVER_LICENSE,2645,2649,f173
msg_086,US_DRIVER_LICENSE,2865,2869,f173
msg_086,US_DRIVER_LICENSE,4909,4912,a05
msg_086,US_DRIVER_LICENSE,4923,4925,b0
msg_086,US_BANK_NUMBER,3086,3094,20230601
msg_086,US_BANK_NUMBER,3098,3108,1737750310
msg_086,US_BANK_NUMBER,3112,3122,1738355110
msg_086,US_BANK_NUMBER,3806,3814,20230601
msg_086,US_BANK_NUMBER,3818,3828,1737750310
msg_086,US_BANK_NUMBER,3832,3842,1738355110
msg_086,US_BANK_NUMBER,4995,5008,1737750309696
msg_086,US_DRIVER_LICENSE,797,804,3565692
msg_086,US_DRIVER_LICENSE,1176,1183,3565646
msg_086,US_DRIVER_LICENSE,3086,3094,20230601
msg_086,US_DRIVER_LICENSE,3098,3108,1737750310
msg_086,US_DRIVER_LICENSE,3112,3122,1738355110
msg_086,US_DRIVER_LICENSE,3806,3814,20230601
msg_086,US_DRIVER_LICENSE,3818,3828,1737750310
msg_086,US_DRIVER_LICENSE,3832,3842,1738355110
msg_086,US_DRIVER_LICENSE,4995,5008,1737750309696
msg_033,EMAIL_ADDRESS,2661,2698,envelope-from=dongjoon.hyun@gmail.com
msg_033,DATE_TIME,382,393,15 Jan 2025
msg_033,DATE_TIME,394,408,08:30:28 +0000
msg_033,LOCATION,487,490,c2c
msg_033,DATE_TIME,835,846,15 Jan 2025
msg_033,DATE_TIME,847,861,08:29:08 +0000
msg_033,DATE_TIME,914,925,15 Jan 2025
msg_033,DATE_TIME,1264,1271,2508440
msg_033,DATE_TIME,1293,1304,15 Jan 2025
msg_033,DATE_TIME,1461,1472,15 Jan 2025
msg_033,PERSON,1473,1481,08:29:03
msg_033,DATE_TIME,1722,1733,15 Jan 2025
msg_033,PERSON,1734,1742,08:29:03
msg_033,NRP,1772,1778,Debian
msg_033,LOCATION,1977,1995,DKIM_VALID_AU=-0.1
msg_033,LOCATION,2036,2063,RCVD_IN_DNSWL_BLOCKED=0.001
msg_033,NRP,2167,2182,SPF_PASS=-0.001
msg_033,DATE_TIME,2452,2457,10024
msg_033,DATE_TIME,2521,2532,15 Jan 2025
msg_033,DATE_TIME,2533,2541,08:29:01
msg_033,DATE_TIME,2936,2947,15 Jan 2025
msg_033,DATE_TIME,2948,2956,08:29:01
msg_033,DATE_TIME,3101,3112,15 Jan 2025
msg_033,DATE_TIME,5194,5198,2002
msg_033,DATE_TIME,5305,5316,15 Jan 2025
msg_033,DATE_TIME,6491,6502,15 Jan 2025
msg_033,IP_ADDRESS,478,497,2a01:4f8:c2c:d4aa::
msg_033,PHONE_NUMBER,256,270,[95.216.194.37
msg_033,PHONE_NUMBER,932,940,04 -0000
msg_033,PHONE_NUMBER,1311,1319,03 -0000
msg_033,PHONE_NUMBER,3223,3233,1736929735
msg_033,PHONE_NUMBER,3237,3247,1737534535
msg_033,PHONE_NUMBER,3969,3979,1736929735
msg_033,PHONE_NUMBER,3983,3993,1737534535
msg_033,US_DRIVER_LICENSE,582,588,X25519
msg_033,US_DRIVER_LICENSE,2644,2648,f177
msg_033,US_DRIVER_LICENSE,2745,2749,f177
msg_033,US_DRIVER_LICENSE,2771,2775,f177
msg_033,US_DRIVER_LICENSE,2991,2995,f177
msg_033,US_DRIVER_LICENSE,5199,5202,a05
msg_033,US_DRIVER_LICENSE,5213,5215,b0
msg_033,US_BANK_NUMBER,3211,3219,20230601
msg_033,US_BANK_NUMBER,3223,3233,1736929735
msg_033,US_BANK_NUMBER,3237,3247,1737534535
msg_033,US_BANK_NUMBER,3957,3965,20230601
msg_033,US_BANK_NUMBER,3969,3979,1736929735
msg_033,US_BANK_NUMBER,3983,3993,1737534535
msg_033,US_BANK_NUMBER,5285,5298,1736929735183
msg_033,US_DRIVER_LICENSE,885,892,2508488
msg_033,US_DRIVER_LICENSE,1264,1271,2508440
msg_033,US_DRIVER_LICENSE,3211,3219,20230601
msg_033,US_DRIVER_LICENSE,3223,3233,1736929735
msg_033,US_DRIVER_LICENSE,3237,3247,1737534535
msg_033,US_DRIVER_LICENSE,3957,3965,20230601
msg_033,US_DRIVER_LICENSE,3969,3979,1736929735
msg_033,US_DRIVER_LICENSE,3983,3993,1737534535
msg_033,US_DRIVER_LICENSE,5285,5298,1736929735183
msg_066,EMAIL_ADDRESS,2534,2573,envelope-from=mich.talebzadeh@gmail.com
msg_066,DATE_TIME,382,393,19 Jan 2025
msg_066,LOCATION,487,490,c2c
msg_066,DATE_TIME,835,846,19 Jan 2025
msg_066,DATE_TIME,847,861,12:08:30 +0000
msg_066,DATE_TIME,913,924,19 Jan 2025
msg_066,DATE_TIME,1291,1302,19 Jan 2025
msg_066,DATE_TIME,1303,1311,12:08:25
msg_066,DATE_TIME,1460,1471,19 Jan 2025
msg_066,DATE_TIME,1472,1480,12:08:25
msg_066,DATE_TIME,1695,1706,19 Jan 2025
msg_066,NRP,1745,1751,Debian
msg_066,LOCATION,1950,1968,DKIM_VALID_AU=-0.1
msg_066,LOCATION,2009,2036,RCVD_IN_DNSWL_BLOCKED=0.001
msg_066,PERSON,2222,2242,mx1-he-de.apache.org
msg_066,DATE_TIME,2344,2349,10024
msg_066,DATE_TIME,2385,2396,19 Jan 2025
msg_066,PERSON,2697,2717,mx1-he-de.apache.org
msg_066,DATE_TIME,2794,2805,19 Jan 2025
msg_066,DATE_TIME,2806,2814,12:07:53
msg_066,DATE_TIME,2933,2944,19 Jan 2025
msg_066,LOCATION,3462,3530,q7nRrCV+ukbXAaDBCBG+JBzcuhG041NWc1X8l2nNxwP6I0sOBvrombCmyUs4R1sxv0l+
msg_066,LOCATION,3696,3726,"FC+A==
X-Google-DKIM-Signature"
msg_066,DATE_TIME,4907,4911,2002
msg_066,DATE_TIME,5015,5026,19 Jan 2025
msg_066,DATE_TIME,5251,5262,19 Jan 2025
msg_066,IP_ADDRESS,478,497,2a01:4f8:c2c:d4aa::
msg_066,IP_ADDRESS,2478,2497,2a00:1450:4864:20::
msg_066,IP_ADDRESS,2668,2687,2a00:1450:4864:20::
msg_066,PHONE_NUMBER,256,270,[95.216.194.37
msg_066,PHONE_NUMBER,1395,1411,(116.203.196.100
msg_066,PHONE_NUMBER,2305,2321,[116.203.196.100
msg_066,PHONE_NUMBER,3055,3065,1737288472
msg_066,PHONE_NUMBER,3069,3079,1737893272
msg_066,PHONE_NUMBER,3801,3811,1737288472
msg_066,PHONE_NUMBER,3815,3825,1737893272
msg_066,US_DRIVER_LICENSE,582,588,X25519
msg_066,US_DRIVER_LICENSE,4916,4920,b914
msg_066,US_DRIVER_LICENSE,4923,4925,b0
msg_066,US_BANK_NUMBER,3043,3051,20230601
msg_066,US_BANK_NUMBER,3055,3065,1737288472
msg_066,US_BANK_NUMBER,3069,3079,1737893272
msg_066,US_BANK_NUMBER,3789,3797,20230601
msg_066,US_BANK_NUMBER,3801,3811,1737288472
msg_066,US_BANK_NUMBER,3815,3825,1737893272
msg_066,US_BANK_NUMBER,4995,5008,1737288471979
msg_066,US_DRIVER_LICENSE,885,891,670955
msg_066,US_DRIVER_LICENSE,1263,1269,670886
msg_066,US_DRIVER_LICENSE,3043,3051,20230601
msg_066,US_DRIVER_LICENSE,3055,3065,1737288472
msg_066,US_DRIVER_LICENSE,3069,3079,1737893272
msg_066,US_DRIVER_LICENSE,3789,3797,20230601
msg_066,US_DRIVER_LICENSE,3801,3811,1737288472
msg_066,US_DRIVER_LICENSE,3815,3825,1737893272
msg_066,US_DRIVER_LICENSE,4995,5008,1737288471979
msg_014,EMAIL_ADDRESS,2649,2679,envelope-from=viirya@gmail.com
msg_014,DATE_TIME,383,393,9 Jan 2025
msg_014,PERSON,394,402,06:46:29
msg_014,LOCATION,487,490,c2c
msg_014,DATE_TIME,836,846,9 Jan 2025
msg_014,DATE_TIME,847,855,06:45:03
msg_014,DATE_TIME,914,924,9 Jan 2025
msg_014,DATE_TIME,925,933,06:44:59
msg_014,DATE_TIME,1292,1302,9 Jan 2025
msg_014,DATE_TIME,1303,1311,06:44:58
msg_014,DATE_TIME,1455,1471,"Thu, 09 Jan 2025"
msg_014,DATE_TIME,1472,1480,06:44:58
msg_014,DATE_TIME,1717,1723,"Thu,  "
msg_014,DATE_TIME,1723,1733,9 Jan 2025
msg_014,PERSON,1734,1742,06:44:58
msg_014,NRP,1772,1778,Debian
msg_014,LOCATION,1979,1997,DKIM_VALID_AU=-0.1
msg_014,LOCATION,2020,2047,RCVD_IN_DNSWL_BLOCKED=0.001
msg_014,NRP,2156,2171,SPF_PASS=-0.001
msg_014,DATE_TIME,2442,2447,10024
msg_014,DATE_TIME,2512,2522,9 Jan 2025
msg_014,PERSON,2523,2531,06:44:57
msg_014,DATE_TIME,2909,2915,"Thu,  "
msg_014,DATE_TIME,2915,2925,9 Jan 2025
msg_014,PERSON,2926,2934,06:44:57
msg_014,DATE_TIME,3078,3089,08 Jan 2025
msg_014,LOCATION,3198,3210,t=1736405096
msg_014,PERSON,3877,3907,"JMUA==
X-Google-DKIM-Signature"
msg_014,LOCATION,3980,3992,t=1736405096
msg_014,DATE_TIME,5221,5225,2002
msg_014,PERSON,5237,5243,b0:385
msg_014,DATE_TIME,5788,5798,8 Jan 2025
msg_014,IP_ADDRESS,478,497,2a01:4f8:c2c:d4aa::
msg_014,PHONE_NUMBER,256,270,[95.216.194.37
msg_014,PHONE_NUMBER,1395,1411,(116.203.196.100
msg_014,PHONE_NUMBER,2403,2419,[116.203.196.100
msg_014,PHONE_NUMBER,2603,2616,209.85.221.49
msg_014,PHONE_NUMBER,2767,2781,[209.85.221.49
msg_014,PHONE_NUMBER,3200,3210,1736405096
msg_014,PHONE_NUMBER,3214,3224,1737009896
msg_014,PHONE_NUMBER,3982,3992,1736405096
msg_014,PHONE_NUMBER,3996,4006,1737009896
msg_014,US_DRIVER_LICENSE,582,588,X25519
msg_014,US_DRIVER_LICENSE,2633,2636,f49
msg_014,US_DRIVER_LICENSE,2726,2729,f49
msg_014,US_DRIVER_LICENSE,2751,2754,f49
msg_014,US_DRIVER_LICENSE,2969,2972,f49
msg_014,US_DRIVER_LICENSE,5237,5239,b0
msg_014,US_DRIVER_LICENSE,5475,5479,A379
msg_014,US_DRIVER_LICENSE,5485,5489,A816
msg_014,US_BANK_NUMBER,3188,3196,20230601
msg_014,US_BANK_NUMBER,3200,3210,1736405096
msg_014,US_BANK_NUMBER,3214,3224,1737009896
msg_014,US_BANK_NUMBER,3970,3978,20230601
msg_014,US_BANK_NUMBER,3982,3992,1736405096
msg_014,US_BANK_NUMBER,3996,4006,1737009896
msg_014,US_BANK_NUMBER,5309,5322,1736405096287
msg_014,US_DRIVER_LICENSE,885,892,4002396
msg_014,US_DRIVER_LICENSE,1263,1270,4002339
msg_014,US_DRIVER_LICENSE,3188,3196,20230601
msg_014,US_DRIVER_LICENSE,3200,3210,1736405096
msg_014,US_DRIVER_LICENSE,3214,3224,1737009896
msg_014,US_DRIVER_LICENSE,3970,3978,20230601
msg_014,US_DRIVER_LICENSE,3982,3992,1736405096
msg_014,US_DRIVER_LICENSE,3996,4006,1737009896
msg_014,US_DRIVER_LICENSE,5309,5322,1736405096287
msg_052,EMAIL_ADDRESS,2722,2755,envelope-from=rxin@databricks.com
msg_052,DATE_TIME,382,393,16 Jan 2025
msg_052,DATE_TIME,394,402,21:54:04
msg_052,LOCATION,487,490,c2c
msg_052,DATE_TIME,835,846,16 Jan 2025
msg_052,DATE_TIME,847,855,21:53:15
msg_052,DATE_TIME,914,925,16 Jan 2025
msg_052,DATE_TIME,1293,1304,16 Jan 2025
msg_052,DATE_TIME,1457,1460,Thu
msg_052,DATE_TIME,1462,1473,16 Jan 2025
msg_052,DATE_TIME,1719,1723,"Thu,"
msg_052,DATE_TIME,1724,1735,16 Jan 2025
msg_052,NRP,1774,1780,Debian
msg_052,LOCATION,1981,1999,DKIM_VALID_AU=-0.1
msg_052,LOCATION,2040,2067,RCVD_IN_DNSWL_BLOCKED=0.001
msg_052,NRP,2201,2216,SPF_PASS=-0.001
msg_052,DATE_TIME,2513,2518,10024
msg_052,DATE_TIME,2582,2593,16 Jan 2025
msg_052,DATE_TIME,2594,2608,21:53:09 +0000
msg_052,DATE_TIME,2988,2992,"Thu,"
msg_052,DATE_TIME,2993,3004,16 Jan 2025
msg_052,DATE_TIME,3154,3158,"Thu,"
msg_052,DATE_TIME,3159,3170,16 Jan 2025
msg_052,DATE_TIME,3171,3179,13:53:08
msg_052,DATE_TIME,5263,5267,2002
msg_052,DATE_TIME,5367,5371,"Thu,"
msg_052,DATE_TIME,5372,5383,16 Jan 2025
msg_052,PERSON,5793,5825,Reynold Xin <rxin@databricks.com
msg_052,DATE_TIME,5846,5857,16 Jan 2025
msg_052,IP_ADDRESS,478,497,2a01:4f8:c2c:d4aa::
msg_052,URL,5811,5828,databricks.com.IN
msg_052,URL,6117,6128,nicholas.ch
msg_052,PHONE_NUMBER,256,270,[95.216.194.37
msg_052,PHONE_NUMBER,773,783,8243567574
msg_052,PHONE_NUMBER,1397,1413,(116.203.196.100
msg_052,PHONE_NUMBER,2474,2490,[116.203.196.100
msg_052,PHONE_NUMBER,3284,3294,1737064387
msg_052,PHONE_NUMBER,3298,3308,1737669187
msg_052,PHONE_NUMBER,4030,4040,1737064387
msg_052,PHONE_NUMBER,4044,4054,1737669187
msg_052,US_DRIVER_LICENSE,582,588,X25519
msg_052,US_DRIVER_LICENSE,2705,2709,f169
msg_052,US_DRIVER_LICENSE,2802,2806,f169
msg_052,US_DRIVER_LICENSE,2828,2832,f169
msg_052,US_DRIVER_LICENSE,3048,3052,f169
msg_052,US_DRIVER_LICENSE,5268,5271,a17
msg_052,US_DRIVER_LICENSE,5281,5283,b0
msg_052,US_BANK_NUMBER,773,783,8243567574
msg_052,US_BANK_NUMBER,3284,3294,1737064387
msg_052,US_BANK_NUMBER,3298,3308,1737669187
msg_052,US_BANK_NUMBER,4018,4026,20230601
msg_052,US_BANK_NUMBER,4030,4040,1737064387
msg_052,US_BANK_NUMBER,4044,4054,1737669187
msg_052,US_BANK_NUMBER,5352,5365,1737064387524
msg_052,US_DRIVER_LICENSE,773,783,8243567574
msg_052,US_DRIVER_LICENSE,885,892,3817466
msg_052,US_DRIVER_LICENSE,1264,1271,3817443
msg_052,US_DRIVER_LICENSE,3284,3294,1737064387
msg_052,US_DRIVER_LICENSE,3298,3308,1737669187
msg_052,US_DRIVER_LICENSE,4018,4026,20230601
msg_052,US_DRIVER_LICENSE,4030,4040,1737064387
msg_052,US_DRIVER_LICENSE,4044,4054,1737669187
msg_052,US_DRIVER_LICENSE,5352,5365,1737064387524
msg_062,EMAIL_ADDRESS,2676,2713,envelope-from=matei.zaharia@gmail.com
msg_062,DATE_TIME,382,393,18 Jan 2025
msg_062,PERSON,394,402,23:05:03
msg_062,LOCATION,487,490,c2c
msg_062,DATE_TIME,835,846,18 Jan 2025
msg_062,DATE_TIME,847,855,23:03:29
msg_062,DATE_TIME,911,922,18 Jan 2025
msg_062,DATE_TIME,1716,1727,18 Jan 2025
msg_062,NRP,1766,1772,Debian
msg_062,LOCATION,1971,1989,DKIM_VALID_AU=-0.1
msg_062,LOCATION,2030,2057,RCVD_IN_DNSWL_BLOCKED=0.001
msg_062,NRP,2161,2176,SPF_PASS=-0.001
msg_062,DATE_TIME,2467,2472,10024
msg_062,DATE_TIME,2536,2547,18 Jan 2025
msg_062,DATE_TIME,2548,2556,23:02:58
msg_062,DATE_TIME,2951,2962,18 Jan 2025
msg_062,DATE_TIME,2963,2971,23:02:57
msg_062,DATE_TIME,3117,3128,18 Jan 2025
msg_062,DATE_TIME,3129,3137,15:02:57
msg_062,PERSON,3251,3263,x=1737846176
msg_062,PERSON,3997,4009,x=1737846176
msg_062,LOCATION,4543,4611,NzC3xnETUsEdVAdufyoZsxWvlvnpmLWswifHRSDT74ud7UMiGjvHa7H65Oj1QoexBPF3
msg_062,DATE_TIME,5213,5217,2002
msg_062,DATE_TIME,5332,5343,18 Jan 2025
msg_062,PERSON,5380,5396,smtpclient.apple
msg_062,DATE_TIME,5608,5619,18 Jan 2025
msg_062,DATE_TIME,5620,5628,15:02:55
msg_062,DATE_TIME,5955,5964,"4.0
Date:"
msg_062,DATE_TIME,5970,5981,18 Jan 2025
msg_062,IP_ADDRESS,478,497,2a01:4f8:c2c:d4aa::
msg_062,DATE_TIME,5510,5518,15.02.54
msg_062,URL,2690,2698,matei.za
msg_062,URL,5380,5394,smtpclient.app
msg_062,URL,5662,5670,matei.za
msg_062,PHONE_NUMBER,256,270,[95.216.194.37
msg_062,PHONE_NUMBER,3239,3249,1737241376
msg_062,PHONE_NUMBER,3253,3263,1737846176
msg_062,PHONE_NUMBER,3985,3995,1737241376
msg_062,PHONE_NUMBER,3999,4009,1737846176
msg_062,US_DRIVER_LICENSE,582,588,X25519
msg_062,US_DRIVER_LICENSE,2659,2663,f171
msg_062,US_DRIVER_LICENSE,2760,2764,f171
msg_062,US_DRIVER_LICENSE,2786,2790,f171
msg_062,US_DRIVER_LICENSE,3006,3010,f171
msg_062,US_DRIVER_LICENSE,5218,5221,a17
msg_062,US_DRIVER_LICENSE,5226,5230,f689
msg_062,US_DRIVER_LICENSE,5231,5233,b0
msg_062,US_BANK_NUMBER,3227,3235,20230601
msg_062,US_BANK_NUMBER,3239,3249,1737241376
msg_062,US_BANK_NUMBER,3253,3263,1737846176
msg_062,US_BANK_NUMBER,3973,3981,20230601
msg_062,US_BANK_NUMBER,3985,3995,1737241376
msg_062,US_BANK_NUMBER,3999,4009,1737846176
msg_062,US_BANK_NUMBER,5304,5317,1737241376311
msg_062,US_DRIVER_LICENSE,3227,3235,20230601
msg_062,US_DRIVER_LICENSE,3239,3249,1737241376
msg_062,US_DRIVER_LICENSE,3253,3263,1737846176
msg_062,US_DRIVER_LICENSE,3973,3981,20230601
msg_062,US_DRIVER_LICENSE,3985,3995,1737241376
msg_062,US_DRIVER_LICENSE,3999,4009,1737846176
msg_062,US_DRIVER_LICENSE,5304,5317,1737241376311
msg_080,EMAIL_ADDRESS,2506,2548,envelope-from=stefan.kandic@databricks.com
msg_080,UK_NHS,3100,3110,1738149838
msg_080,UK_NHS,3889,3899,1738149838
msg_080,MEDICAL_LICENSE,5295,5304,mr4250938
msg_080,IP_ADDRESS,2450,2469,2607:f8b0:4864:20::
msg_080,DATE_TIME,384,395,22 Jan 2025
msg_080,DATE_TIME,396,404,11:25:03
msg_080,DATE_TIME,747,758,22 Jan 2025
msg_080,DATE_TIME,825,836,22 Jan 2025
msg_080,DATE_TIME,1203,1214,22 Jan 2025
msg_080,DATE_TIME,1372,1383,22 Jan 2025
msg_080,DATE_TIME,1634,1645,22 Jan 2025
msg_080,NRP,1684,1690,Debian
msg_080,LOCATION,1889,1907,DKIM_VALID_AU=-0.1
msg_080,LOCATION,1948,1975,RCVD_IN_DNSWL_BLOCKED=0.001
msg_080,PERSON,2166,2186,mx1-he-de.apache.org
msg_080,DATE_TIME,2288,2293,10024
msg_080,DATE_TIME,2357,2368,22 Jan 2025
msg_080,PERSON,2672,2692,mx1-he-de.apache.org
msg_080,DATE_TIME,2796,2807,22 Jan 2025
msg_080,DATE_TIME,2808,2816,11:23:59
msg_080,DATE_TIME,2961,2972,22 Jan 2025
msg_080,PERSON,4731,4940,"ASbGnctCfxZ2NIvaTK3Hxv6pFxDDVvzsio1agozy0EeXiM+aWI8SiG3eaNORGn+BrRy
	guhZ8H6flgQByYhT5zGSnEXVGj8h6kmQbPwtP9dD0zQMmbDa7+eO9ichLOplkBUuJ/AOIpeIyc4
	wUukjH2SBHngnlrII9jtLdH7/cOh6+DInOXL3vuKUUWwVQKzR3AhZIXZejmitw/"
msg_080,DATE_TIME,5220,5224,2002
msg_080,DATE_TIME,5339,5350,22 Jan 2025
msg_080,DATE_TIME,5351,5359,03:23:57
msg_080,DATE_TIME,5675,5686,22 Jan 2025
msg_080,DATE_TIME,5687,5695,03:23:57
msg_080,DATE_TIME,6016,6022,"1
Date"
msg_080,DATE_TIME,6029,6040,22 Jan 2025
msg_080,DATE_TIME,6041,6049,11:23:56
msg_080,IP_ADDRESS,2643,2662,2607:f8b0:4864:20::
msg_080,IP_ADDRESS,5430,5450,2603:1036:302:40c4::
msg_080,DATE_TIME,5546,5554,22.03.23
msg_080,URL,5743,5760,databricks.com.IN
msg_080,PHONE_NUMBER,258,272,[3.227.148.255
msg_080,PHONE_NUMBER,473,489,[116.203.246.181
msg_080,PHONE_NUMBER,1307,1323,(116.203.196.100
msg_080,PHONE_NUMBER,2249,2265,[116.203.196.100
msg_080,PHONE_NUMBER,3086,3096,1737545038
msg_080,PHONE_NUMBER,3100,3110,1738149838
msg_080,PHONE_NUMBER,3875,3885,1737545038
msg_080,PHONE_NUMBER,3889,3899,1738149838
msg_080,US_DRIVER_LICENSE,4463,4466,B80
msg_080,US_DRIVER_LICENSE,5225,5228,a05
msg_080,US_DRIVER_LICENSE,5239,5241,b0
msg_080,US_BANK_NUMBER,3086,3096,1737545038
msg_080,US_BANK_NUMBER,3100,3110,1738149838
msg_080,US_BANK_NUMBER,3863,3871,20230601
msg_080,US_BANK_NUMBER,3875,3885,1737545038
msg_080,US_BANK_NUMBER,3889,3899,1738149838
msg_080,US_BANK_NUMBER,5311,5324,1737545037820
msg_080,US_DRIVER_LICENSE,797,803,558591
msg_080,US_DRIVER_LICENSE,1175,1181,558543
msg_080,US_DRIVER_LICENSE,3086,3096,1737545038
msg_080,US_DRIVER_LICENSE,3100,3110,1738149838
msg_080,US_DRIVER_LICENSE,3863,3871,20230601
msg_080,US_DRIVER_LICENSE,3875,3885,1737545038
msg_080,US_DRIVER_LICENSE,3889,3899,1738149838
msg_080,US_DRIVER_LICENSE,5311,5324,1737545037820
msg_025,DATE_TIME,382,393,15 Jan 2025
msg_025,LOCATION,487,490,c2c
msg_025,DATE_TIME,835,846,15 Jan 2025
msg_025,DATE_TIME,914,925,15 Jan 2025
msg_025,DATE_TIME,1264,1271,1879987
msg_025,DATE_TIME,1293,1304,15 Jan 2025
msg_025,DATE_TIME,1475,1486,15 Jan 2025
msg_025,DATE_TIME,1778,1789,15 Jan 2025
msg_025,DATE_TIME,1790,1804,03:12:37 +0000
msg_025,DATE_TIME,1944,1955,14 Jan 2025
msg_025,DATE_TIME,1956,1964,19:12:37
msg_025,DATE_TIME,2417,2421,2002
msg_025,DATE_TIME,2523,2526,Tue
msg_025,DATE_TIME,2528,2539,14 Jan 2025
msg_025,DATE_TIME,2940,2951,15 Jan 2025
msg_025,DATE_TIME,2952,2960,12:12:25
msg_025,IP_ADDRESS,478,497,2a01:4f8:c2c:d4aa::
msg_025,PHONE_NUMBER,256,270,[95.216.194.37
msg_025,US_DRIVER_LICENSE,582,588,X25519
msg_025,US_DRIVER_LICENSE,1572,1576,f181
msg_025,US_DRIVER_LICENSE,1598,1602,f181
msg_025,US_DRIVER_LICENSE,1833,1837,f181
msg_025,US_DRIVER_LICENSE,2422,2425,a05
msg_025,US_DRIVER_LICENSE,2436,2438,b0
msg_025,US_BANK_NUMBER,2508,2521,1736910757000
msg_025,US_DRIVER_LICENSE,885,892,1880009
msg_025,US_DRIVER_LICENSE,1264,1271,1879987
msg_025,US_DRIVER_LICENSE,2508,2521,1736910757000
msg_059,EMAIL_ADDRESS,2602,2638,envelope-from=holden.karau@gmail.com
msg_059,MEDICAL_LICENSE,2985,2994,so6097073
msg_059,MEDICAL_LICENSE,5216,5225,mr5662362
msg_059,DATE_TIME,384,395,18 Jan 2025
msg_059,DATE_TIME,747,758,18 Jan 2025
msg_059,DATE_TIME,826,837,18 Jan 2025
msg_059,DATE_TIME,1176,1183,4119313
msg_059,DATE_TIME,1205,1216,18 Jan 2025
msg_059,DATE_TIME,1374,1385,18 Jan 2025
msg_059,DATE_TIME,1636,1647,18 Jan 2025
msg_059,NRP,1686,1692,Debian
msg_059,LOCATION,1891,1909,DKIM_VALID_AU=-0.1
msg_059,LOCATION,1950,1977,RCVD_IN_DNSWL_BLOCKED=0.001
msg_059,NRP,2086,2101,SPF_PASS=-0.001
msg_059,DATE_TIME,2393,2398,10024
msg_059,DATE_TIME,2462,2473,18 Jan 2025
msg_059,DATE_TIME,2876,2887,18 Jan 2025
msg_059,DATE_TIME,3041,3052,18 Jan 2025
msg_059,LOCATION,3161,3173,t=1737236576
msg_059,PERSON,3360,3404,IYkKXGV6I4bRFUjKX3Hh+ptjhl0edOKMkksq8aqHFlM=
msg_059,LOCATION,3907,3919,t=1737236576
msg_059,PERSON,4111,4155,IYkKXGV6I4bRFUjKX3Hh+ptjhl0edOKMkksq8aqHFlM=
msg_059,PERSON,4252,4272,RwOjQk/94cZlsVcr6wQt
msg_059,PERSON,4856,4877,"DylCLiU8S0qg=
X-Gm-Gg"
msg_059,DATE_TIME,5142,5146,2002
msg_059,DATE_TIME,5252,5263,18 Jan 2025
msg_059,DATE_TIME,5748,5759,18 Jan 2025
msg_059,URL,6074,6089,linkedin.com.in
msg_059,PHONE_NUMBER,258,272,[3.227.148.255
msg_059,PHONE_NUMBER,473,489,[116.203.246.181
msg_059,PHONE_NUMBER,1223,1231,04 -0000
msg_059,PHONE_NUMBER,1309,1325,(116.203.196.100
msg_059,PHONE_NUMBER,2354,2370,[116.203.196.100
msg_059,PHONE_NUMBER,3163,3173,1737236576
msg_059,PHONE_NUMBER,3177,3187,1737841376
msg_059,PHONE_NUMBER,3909,3919,1737236576
msg_059,PHONE_NUMBER,3923,3933,1737841376
msg_059,US_DRIVER_LICENSE,2585,2589,f177
msg_059,US_DRIVER_LICENSE,2685,2689,f177
msg_059,US_DRIVER_LICENSE,2711,2715,f177
msg_059,US_DRIVER_LICENSE,2931,2935,f177
msg_059,US_DRIVER_LICENSE,5147,5150,a05
msg_059,US_DRIVER_LICENSE,5161,5163,b0
msg_059,US_BANK_NUMBER,3151,3159,20230601
msg_059,US_BANK_NUMBER,3163,3173,1737236576
msg_059,US_BANK_NUMBER,3177,3187,1737841376
msg_059,US_BANK_NUMBER,3897,3905,20230601
msg_059,US_BANK_NUMBER,3909,3919,1737236576
msg_059,US_BANK_NUMBER,3923,3933,1737841376
msg_059,US_BANK_NUMBER,5232,5245,1737236575417
msg_059,US_DRIVER_LICENSE,797,804,4119330
msg_059,US_DRIVER_LICENSE,1176,1183,4119313
msg_059,US_DRIVER_LICENSE,3151,3159,20230601
msg_059,US_DRIVER_LICENSE,3163,3173,1737236576
msg_059,US_DRIVER_LICENSE,3177,3187,1737841376
msg_059,US_DRIVER_LICENSE,3897,3905,20230601
msg_059,US_DRIVER_LICENSE,3909,3919,1737236576
msg_059,US_DRIVER_LICENSE,3923,3933,1737841376
msg_059,US_DRIVER_LICENSE,5232,5245,1737236575417
msg_114,EMAIL_ADDRESS,2671,2717,envelope-from=prvs=116c52ff6=vrozov@amazon.com
msg_114,EMAIL_ADDRESS,3056,3069,i=@amazon.com
msg_114,DATE_TIME,384,395,28 Jan 2025
msg_114,DATE_TIME,747,758,28 Jan 2025
msg_114,DATE_TIME,826,837,28 Jan 2025
msg_114,DATE_TIME,1205,1216,28 Jan 2025
msg_114,DATE_TIME,1217,1225,22:28:07
msg_114,DATE_TIME,1368,1372,"Tue,"
msg_114,DATE_TIME,1373,1384,28 Jan 2025
msg_114,DATE_TIME,1385,1393,22:28:07
msg_114,DATE_TIME,1634,1645,28 Jan 2025
msg_114,DATE_TIME,1646,1654,22:28:07
msg_114,NRP,1684,1690,Debian
msg_114,LOCATION,1917,1935,DKIM_VALID_AU=-0.1
msg_114,NRP,2126,2141,SPF_PASS=-0.001
msg_114,DATE_TIME,2462,2467,10024
msg_114,DATE_TIME,2531,2542,28 Jan 2025
msg_114,DATE_TIME,2953,2964,28 Jan 2025
msg_114,DATE_TIME,2965,2973,22:28:05
msg_114,NRP,3056,3069,i=@amazon.com
msg_114,DATE_TIME,3753,3764,28 Jan 2025
msg_114,DATE_TIME,3765,3773,22:28:05
msg_114,DATE_TIME,3992,4003,28 Jan 2025
msg_114,DATE_TIME,4304,4315,28 Jan 2025
msg_114,DATE_TIME,4553,4564,28 Jan 2025
msg_114,PERSON,4565,4573,22:27:57
msg_114,DATE_TIME,4751,4755,"Tue,"
msg_114,DATE_TIME,4756,4767,28 Jan 2025
msg_114,PERSON,4768,4776,22:27:57
msg_114,PERSON,4790,4795,Rozov
msg_114,DATE_TIME,5074,5085,28 Jan 2025
msg_114,PERSON,5086,5094,22:27:57
msg_114,DATE_TIME,4284,4293,15.2.1258
msg_114,DATE_TIME,4533,4542,15.2.1258
msg_114,IP_ADDRESS,4627,4633,fe80::
msg_114,IP_ADDRESS,4691,4697,fe80::
msg_114,DATE_TIME,4735,4745,15.02.1258
msg_114,URL,4811,4824,amazon.com.IN
msg_114,PHONE_NUMBER,258,272,[3.227.148.255
msg_114,PHONE_NUMBER,473,489,[116.203.246.181
msg_114,PHONE_NUMBER,2623,2636,99.78.197.220
msg_114,PHONE_NUMBER,2806,2820,[99.78.197.220
msg_114,PHONE_NUMBER,3102,3112,1738103286
msg_114,PHONE_NUMBER,3116,3126,1769639286
msg_114,PHONE_NUMBER,3482,3492,1732579200
msg_114,US_DRIVER_LICENSE,3556,3558,p1
msg_114,US_DRIVER_LICENSE,5133,5137,B025
msg_114,US_DRIVER_LICENSE,5435,5437,n5
msg_114,US_BANK_NUMBER,3102,3112,1738103286
msg_114,US_BANK_NUMBER,3116,3126,1769639286
msg_114,US_BANK_NUMBER,3482,3492,1732579200
msg_114,US_BANK_NUMBER,3518,3527,167759884
msg_114,US_PASSPORT,3518,3527,167759884
msg_114,US_SSN,3518,3527,167759884
msg_114,US_DRIVER_LICENSE,797,804,1620867
msg_114,US_DRIVER_LICENSE,1176,1183,1620814
msg_114,US_DRIVER_LICENSE,3102,3112,1738103286
msg_114,US_DRIVER_LICENSE,3116,3126,1769639286
msg_114,US_DRIVER_LICENSE,3482,3492,1732579200
msg_114,US_DRIVER_LICENSE,3518,3527,167759884
msg_026,DATE_TIME,382,393,15 Jan 2025
msg_026,PERSON,394,402,03:56:42
msg_026,LOCATION,487,490,c2c
msg_026,DATE_TIME,835,846,15 Jan 2025
msg_026,DATE_TIME,914,925,15 Jan 2025
msg_026,DATE_TIME,926,934,03:56:37
msg_026,DATE_TIME,1293,1304,15 Jan 2025
msg_026,DATE_TIME,1305,1313,03:56:37
msg_026,DATE_TIME,1462,1473,15 Jan 2025
msg_026,DATE_TIME,1474,1482,03:56:37
msg_026,DATE_TIME,1763,1774,15 Jan 2025
msg_026,DATE_TIME,1775,1789,03:56:37 +0000
msg_026,DATE_TIME,1927,1938,14 Jan 2025
msg_026,DATE_TIME,1939,1947,19:56:37
msg_026,DATE_TIME,2400,2404,2002
msg_026,DATE_TIME,2504,2507,Tue
msg_026,DATE_TIME,2509,2520,14 Jan 2025
msg_026,DATE_TIME,3131,3142,15 Jan 2025
msg_026,DATE_TIME,3143,3151,12:56:24
msg_026,IP_ADDRESS,478,497,2a01:4f8:c2c:d4aa::
msg_026,PHONE_NUMBER,256,270,[95.216.194.37
msg_026,PHONE_NUMBER,1399,1413,(116.203.21.61
msg_026,PHONE_NUMBER,2528,2536,36 -0800
msg_026,US_DRIVER_LICENSE,582,588,X25519
msg_026,US_DRIVER_LICENSE,1559,1563,f169
msg_026,US_DRIVER_LICENSE,1585,1589,f169
msg_026,US_DRIVER_LICENSE,1818,1822,f169
msg_026,US_DRIVER_LICENSE,2405,2408,a05
msg_026,US_DRIVER_LICENSE,2418,2420,b0
msg_026,US_BANK_NUMBER,2489,2502,1736913396254
msg_026,US_DRIVER_LICENSE,885,892,1972544
msg_026,US_DRIVER_LICENSE,1264,1271,1972524
msg_026,US_DRIVER_LICENSE,2489,2502,1736913396254
msg_044,EMAIL_ADDRESS,2467,2503,envelope-from=ueshin@happy-camper.st
msg_044,IP_ADDRESS,2409,2428,2607:f8b0:4864:20::
msg_044,PERSON,322,332,B2A823E69C
msg_044,DATE_TIME,384,395,16 Jan 2025
msg_044,DATE_TIME,747,758,16 Jan 2025
msg_044,DATE_TIME,825,836,16 Jan 2025
msg_044,DATE_TIME,837,845,02:11:30
msg_044,DATE_TIME,1203,1214,16 Jan 2025
msg_044,DATE_TIME,1215,1223,02:11:28
msg_044,DATE_TIME,1366,1369,Thu
msg_044,DATE_TIME,1371,1382,16 Jan 2025
msg_044,DATE_TIME,1383,1391,02:11:28
msg_044,DATE_TIME,1627,1631,"Thu,"
msg_044,DATE_TIME,1632,1643,16 Jan 2025
msg_044,DATE_TIME,1644,1658,02:11:28 +0000
msg_044,NRP,1682,1688,Debian
msg_044,NRP,1934,1949,SPF_PASS=-0.001
msg_044,PERSON,2126,2146,mx1-he-de.apache.org
msg_044,DATE_TIME,2247,2252,10024
msg_044,DATE_TIME,2316,2327,16 Jan 2025
msg_044,PERSON,2630,2650,mx1-he-de.apache.org
msg_044,DATE_TIME,2749,2753,"Thu,"
msg_044,DATE_TIME,2754,2765,16 Jan 2025
msg_044,DATE_TIME,2920,2931,15 Jan 2025
msg_044,DATE_TIME,2932,2940,18:11:27
msg_044,NRP,3634,3682,myPCh3HRZlmn7+Ji2EJUwD8h4VuEBhCzkbuvbKovPsqXOsbE
msg_044,DATE_TIME,5038,5042,2002
msg_044,LOCATION,5056,5063,b0:2ee:
msg_044,DATE_TIME,5149,5160,15 Jan 2025
msg_044,DATE_TIME,5634,5645,15 Jan 2025
msg_044,DATE_TIME,5646,5654,18:11:13
msg_044,IP_ADDRESS,2600,2619,2607:f8b0:4864:20::
msg_044,PHONE_NUMBER,258,272,[3.227.148.255
msg_044,PHONE_NUMBER,473,489,[116.203.246.181
msg_044,PHONE_NUMBER,3071,3081,1736993485
msg_044,PHONE_NUMBER,3086,3096,1737598285
msg_044,PHONE_NUMBER,3817,3827,1736993485
msg_044,PHONE_NUMBER,3831,3841,1737598285
msg_044,US_DRIVER_LICENSE,2448,2453,x1032
msg_044,US_DRIVER_LICENSE,2549,2554,x1032
msg_044,US_DRIVER_LICENSE,2576,2581,x1032
msg_044,US_DRIVER_LICENSE,2809,2814,x1032
msg_044,US_DRIVER_LICENSE,5043,5046,a17
msg_044,US_DRIVER_LICENSE,5056,5058,b0
msg_044,US_BANK_NUMBER,2088,2096,20230601
msg_044,US_BANK_NUMBER,3033,3041,20230601
msg_044,US_BANK_NUMBER,3059,3067,20230601
msg_044,US_BANK_NUMBER,3071,3081,1736993485
msg_044,US_BANK_NUMBER,3086,3096,1737598285
msg_044,US_BANK_NUMBER,3805,3813,20230601
msg_044,US_BANK_NUMBER,3817,3827,1736993485
msg_044,US_BANK_NUMBER,3831,3841,1737598285
msg_044,US_BANK_NUMBER,5129,5142,1736993485176
msg_044,US_DRIVER_LICENSE,797,803,983418
msg_044,US_DRIVER_LICENSE,1175,1181,983371
msg_044,US_DRIVER_LICENSE,2088,2096,20230601
msg_044,US_DRIVER_LICENSE,3033,3041,20230601
msg_044,US_DRIVER_LICENSE,3059,3067,20230601
msg_044,US_DRIVER_LICENSE,3071,3081,1736993485
msg_044,US_DRIVER_LICENSE,3086,3096,1737598285
msg_044,US_DRIVER_LICENSE,3805,3813,20230601
msg_044,US_DRIVER_LICENSE,3817,3827,1736993485
msg_044,US_DRIVER_LICENSE,3831,3841,1737598285
msg_044,US_DRIVER_LICENSE,5129,5142,1736993485176
msg_076,DATE_TIME,382,393,22 Jan 2025
msg_076,LOCATION,487,490,c2c
msg_076,DATE_TIME,835,846,22 Jan 2025
msg_076,DATE_TIME,914,925,22 Jan 2025
msg_076,DATE_TIME,1293,1304,22 Jan 2025
msg_076,DATE_TIME,1462,1473,22 Jan 2025
msg_076,DATE_TIME,1763,1774,22 Jan 2025
msg_076,DATE_TIME,1929,1940,21 Jan 2025
msg_076,PERSON,2105,2161,AOJu0YzSzFDSPp6OJs8hhNqArulZDp1AxKxQefZOgl1NTEbHRp9rTTdM
msg_076,DATE_TIME,2402,2406,2002
msg_076,DATE_TIME,2513,2524,21 Jan 2025
msg_076,DATE_TIME,3065,3076,21 Jan 2025
msg_076,IP_ADDRESS,478,497,2a01:4f8:c2c:d4aa::
msg_076,PHONE_NUMBER,256,270,[95.216.194.37
msg_076,PHONE_NUMBER,1399,1413,(116.203.21.61
msg_076,US_DRIVER_LICENSE,582,588,X25519
msg_076,US_DRIVER_LICENSE,1559,1563,f180
msg_076,US_DRIVER_LICENSE,1585,1589,f180
msg_076,US_DRIVER_LICENSE,1818,1822,f180
msg_076,US_DRIVER_LICENSE,2407,2410,a05
msg_076,US_DRIVER_LICENSE,2421,2423,b0
msg_076,US_BANK_NUMBER,2493,2506,1737508745269
msg_076,US_DRIVER_LICENSE,885,892,3386807
msg_076,US_DRIVER_LICENSE,1264,1271,3386786
msg_076,US_DRIVER_LICENSE,2493,2506,1737508745269
msg_042,EMAIL_ADDRESS,2560,2592,envelope-from=zrflibra@gmail.com
msg_042,IP_ADDRESS,2504,2523,2607:f8b0:4864:20::
msg_042,DATE_TIME,382,393,16 Jan 2025
msg_042,LOCATION,487,490,c2c
msg_042,DATE_TIME,835,846,16 Jan 2025
msg_042,DATE_TIME,913,924,16 Jan 2025
msg_042,DATE_TIME,1263,1269,869998
msg_042,DATE_TIME,1291,1302,16 Jan 2025
msg_042,DATE_TIME,1303,1311,01:08:56
msg_042,DATE_TIME,1455,1458,Thu
msg_042,DATE_TIME,1460,1471,16 Jan 2025
msg_042,DATE_TIME,1472,1480,01:08:56
msg_042,DATE_TIME,1717,1721,"Thu,"
msg_042,DATE_TIME,1722,1733,16 Jan 2025
msg_042,DATE_TIME,1734,1742,01:08:56
msg_042,NRP,1772,1778,Debian
msg_042,LOCATION,1969,1987,DKIM_VALID_AU=-0.1
msg_042,LOCATION,2028,2055,RCVD_IN_DNSWL_BLOCKED=0.001
msg_042,PERSON,2220,2240,mx1-he-de.apache.org
msg_042,DATE_TIME,2342,2347,10024
msg_042,DATE_TIME,2411,2422,16 Jan 2025
msg_042,PERSON,2716,2736,mx1-he-de.apache.org
msg_042,DATE_TIME,2835,2839,"Thu,"
msg_042,DATE_TIME,2840,2851,16 Jan 2025
msg_042,DATE_TIME,3003,3014,15 Jan 2025
msg_042,DATE_TIME,3015,3023,17:08:55
msg_042,DATE_TIME,5088,5092,2002
msg_042,DATE_TIME,5198,5209,15 Jan 2025
msg_042,DATE_TIME,5539,5550,16 Jan 2025
msg_042,IP_ADDRESS,478,497,2a01:4f8:c2c:d4aa::
msg_042,IP_ADDRESS,2687,2706,2607:f8b0:4864:20::
msg_042,PHONE_NUMBER,256,270,[95.216.194.37
msg_042,PHONE_NUMBER,1395,1411,(116.203.196.100
msg_042,PHONE_NUMBER,2303,2319,[116.203.196.100
msg_042,PHONE_NUMBER,3125,3135,1736989734
msg_042,PHONE_NUMBER,3139,3149,1737594534
msg_042,PHONE_NUMBER,3871,3881,1736989734
msg_042,PHONE_NUMBER,3885,3895,1737594534
msg_042,US_DRIVER_LICENSE,582,588,X25519
msg_042,US_DRIVER_LICENSE,5093,5096,a05
msg_042,US_DRIVER_LICENSE,5106,5108,b0
msg_042,US_BANK_NUMBER,3113,3121,20230601
msg_042,US_BANK_NUMBER,3125,3135,1736989734
msg_042,US_BANK_NUMBER,3139,3149,1737594534
msg_042,US_BANK_NUMBER,3859,3867,20230601
msg_042,US_BANK_NUMBER,3871,3881,1736989734
msg_042,US_BANK_NUMBER,3885,3895,1737594534
msg_042,US_BANK_NUMBER,5178,5191,1736989734334
msg_042,US_DRIVER_LICENSE,885,891,870015
msg_042,US_DRIVER_LICENSE,1263,1269,869998
msg_042,US_DRIVER_LICENSE,3113,3121,20230601
msg_042,US_DRIVER_LICENSE,3125,3135,1736989734
msg_042,US_DRIVER_LICENSE,3139,3149,1737594534
msg_042,US_DRIVER_LICENSE,3859,3867,20230601
msg_042,US_DRIVER_LICENSE,3871,3881,1736989734
msg_042,US_DRIVER_LICENSE,3885,3895,1737594534
msg_042,US_DRIVER_LICENSE,5178,5191,1736989734334
msg_039,EMAIL_ADDRESS,2480,2513,envelope-from=cloud0fan@gmail.com
msg_039,IP_ADDRESS,2424,2443,2607:f8b0:4864:20::
msg_039,DATE_TIME,384,395,15 Jan 2025
msg_039,DATE_TIME,747,758,15 Jan 2025
msg_039,DATE_TIME,759,773,13:41:26 +0000
msg_039,DATE_TIME,826,837,15 Jan 2025
msg_039,DATE_TIME,1205,1216,15 Jan 2025
msg_039,DATE_TIME,1373,1384,15 Jan 2025
msg_039,DATE_TIME,1385,1393,13:41:21
msg_039,DATE_TIME,1634,1645,15 Jan 2025
msg_039,NRP,1684,1690,Debian
msg_039,DATE_TIME,1835,1872,"required=6.31
	tests=[DKIM_SIGNED=0.1"
msg_039,LOCATION,1891,1909,DKIM_VALID_AU=-0.1
msg_039,PERSON,2141,2161,mx1-he-de.apache.org
msg_039,DATE_TIME,2262,2267,10024
msg_039,DATE_TIME,2331,2342,15 Jan 2025
msg_039,PERSON,2637,2657,mx1-he-de.apache.org
msg_039,DATE_TIME,2761,2772,15 Jan 2025
msg_039,DATE_TIME,2926,2937,15 Jan 2025
msg_039,DATE_TIME,2938,2946,05:41:19
msg_039,LOCATION,3060,3072,x=1737553278
msg_039,PERSON,3275,3293,SRKEETbwA5pOmUYvvk
msg_039,DATE_TIME,4830,4834,2002
msg_039,DATE_TIME,4940,4951,15 Jan 2025
msg_039,DATE_TIME,5043,5054,15 Jan 2025
msg_039,IP_ADDRESS,2608,2627,2607:f8b0:4864:20::
msg_039,PHONE_NUMBER,258,272,[3.227.148.255
msg_039,PHONE_NUMBER,473,489,[116.203.246.181
msg_039,PHONE_NUMBER,3048,3058,1736948478
msg_039,PHONE_NUMBER,3062,3072,1737553278
msg_039,PHONE_NUMBER,3768,3778,1736948478
msg_039,PHONE_NUMBER,3782,3792,1737553278
msg_039,US_DRIVER_LICENSE,4835,4838,a05
msg_039,US_DRIVER_LICENSE,4848,4850,b0
msg_039,US_BANK_NUMBER,3036,3044,20230601
msg_039,US_BANK_NUMBER,3048,3058,1736948478
msg_039,US_BANK_NUMBER,3062,3072,1737553278
msg_039,US_BANK_NUMBER,3756,3764,20230601
msg_039,US_BANK_NUMBER,3768,3778,1736948478
msg_039,US_BANK_NUMBER,3782,3792,1737553278
msg_039,US_BANK_NUMBER,4920,4933,1736948478458
msg_039,US_DRIVER_LICENSE,797,804,3421724
msg_039,US_DRIVER_LICENSE,1176,1183,3421667
msg_039,US_DRIVER_LICENSE,3036,3044,20230601
msg_039,US_DRIVER_LICENSE,3048,3058,1736948478
msg_039,US_DRIVER_LICENSE,3062,3072,1737553278
msg_039,US_DRIVER_LICENSE,3756,3764,20230601
msg_039,US_DRIVER_LICENSE,3768,3778,1736948478
msg_039,US_DRIVER_LICENSE,3782,3792,1737553278
msg_039,US_DRIVER_LICENSE,4920,4933,1736948478458
msg_013,EMAIL_ADDRESS,2469,2511,envelope-from=kabhwan.opensource@gmail.com
msg_013,DATE_TIME,385,395,9 Jan 2025
msg_013,PERSON,396,404,06:16:37
msg_013,DATE_TIME,748,758,9 Jan 2025
msg_013,DATE_TIME,768,773,+0000
msg_013,DATE_TIME,826,836,9 Jan 2025
msg_013,DATE_TIME,1204,1214,9 Jan 2025
msg_013,DATE_TIME,1366,1382,"Thu, 09 Jan 2025"
msg_013,DATE_TIME,1627,1633,"Thu,  "
msg_013,DATE_TIME,1633,1643,9 Jan 2025
msg_013,NRP,1682,1688,Debian
msg_013,LOCATION,1879,1897,DKIM_VALID_AU=-0.1
msg_013,LOCATION,1938,1965,RCVD_IN_DNSWL_BLOCKED=0.001
msg_013,PERSON,2130,2150,mx1-he-de.apache.org
msg_013,DATE_TIME,2251,2256,10024
msg_013,DATE_TIME,2321,2331,9 Jan 2025
msg_013,PERSON,2332,2340,06:16:07
msg_013,PERSON,2635,2655,mx1-he-de.apache.org
msg_013,DATE_TIME,2754,2760,"Thu,  "
msg_013,DATE_TIME,2760,2770,9 Jan 2025
msg_013,PERSON,2771,2779,06:16:07
msg_013,DATE_TIME,2924,2935,08 Jan 2025
msg_013,DATE_TIME,2936,2944,22:16:07
msg_013,DATE_TIME,5005,5009,2002
msg_013,DATE_TIME,5418,5433,"Thu, 9 Jan 2025"
msg_013,DATE_TIME,5434,5442,15:15:49
msg_013,NRP,5478,5527,vd97ev_Xm2eeH8eVe8ViIZhR2JhaSWx7ALjSfwAi5Y_SecJa0
msg_013,IP_ADDRESS,2413,2432,2a00:1450:4864:20::
msg_013,IP_ADDRESS,2606,2625,2a00:1450:4864:20::
msg_013,PHONE_NUMBER,258,272,[3.227.148.255
msg_013,PHONE_NUMBER,473,489,[116.203.246.181
msg_013,PHONE_NUMBER,3046,3056,1736403361
msg_013,PHONE_NUMBER,3060,3070,1737008161
msg_013,PHONE_NUMBER,3792,3802,1736403361
msg_013,PHONE_NUMBER,3806,3816,1737008161
msg_013,US_DRIVER_LICENSE,5010,5013,a05
msg_013,US_DRIVER_LICENSE,5024,5026,b0
msg_013,US_DRIVER_LICENSE,5261,5265,A379
msg_013,US_DRIVER_LICENSE,5271,5275,A816
msg_013,US_DRIVER_LICENSE,5323,5327,A379
msg_013,US_DRIVER_LICENSE,5333,5337,A816
msg_013,US_BANK_NUMBER,3034,3042,20230601
msg_013,US_BANK_NUMBER,3046,3056,1736403361
msg_013,US_BANK_NUMBER,3060,3070,1737008161
msg_013,US_BANK_NUMBER,3780,3788,20230601
msg_013,US_BANK_NUMBER,3792,3802,1736403361
msg_013,US_BANK_NUMBER,3806,3816,1737008161
msg_013,US_BANK_NUMBER,5095,5108,1736403360476
msg_013,US_DRIVER_LICENSE,797,804,3921686
msg_013,US_DRIVER_LICENSE,1175,1182,3921486
msg_013,US_DRIVER_LICENSE,3034,3042,20230601
msg_013,US_DRIVER_LICENSE,3046,3056,1736403361
msg_013,US_DRIVER_LICENSE,3060,3070,1737008161
msg_013,US_DRIVER_LICENSE,3780,3788,20230601
msg_013,US_DRIVER_LICENSE,3792,3802,1736403361
msg_013,US_DRIVER_LICENSE,3806,3816,1737008161
msg_013,US_DRIVER_LICENSE,5095,5108,1736403360476
msg_020,EMAIL_ADDRESS,2500,2536,envelope-from=holden.karau@gmail.com
msg_020,IP_ADDRESS,2444,2463,2607:f8b0:4864:20::
msg_020,DATE_TIME,384,395,13 Jan 2025
msg_020,DATE_TIME,747,758,13 Jan 2025
msg_020,DATE_TIME,826,837,13 Jan 2025
msg_020,DATE_TIME,1205,1216,13 Jan 2025
msg_020,DATE_TIME,1373,1384,13 Jan 2025
msg_020,DATE_TIME,1634,1645,13 Jan 2025
msg_020,NRP,1684,1690,Debian
msg_020,LOCATION,1889,1907,DKIM_VALID_AU=-0.1
msg_020,LOCATION,1948,1975,RCVD_IN_DNSWL_BLOCKED=0.001
msg_020,PERSON,2161,2181,mx1-he-de.apache.org
msg_020,DATE_TIME,2282,2287,10024
msg_020,DATE_TIME,2351,2362,13 Jan 2025
msg_020,DATE_TIME,2363,2377,06:06:24 +0000
msg_020,PERSON,2660,2680,mx1-he-de.apache.org
msg_020,DATE_TIME,2784,2795,13 Jan 2025
msg_020,PERSON,2796,2804,06:06:23
msg_020,DATE_TIME,2949,2960,12 Jan 2025
msg_020,DATE_TIME,2961,2969,22:06:23
msg_020,LOCATION,4307,4369,UzzVb842n9Ttnz0e1juGyfWzCIRZp+BmtgbQLTryFaAs3sZOJL+/7x3wA+p6Be
msg_020,DATE_TIME,5046,5050,2002
msg_020,DATE_TIME,5153,5164,12 Jan 2025
msg_020,DATE_TIME,5563,5574,12 Jan 2025
msg_020,IP_ADDRESS,2631,2650,2607:f8b0:4864:20::
msg_020,PHONE_NUMBER,258,272,[3.227.148.255
msg_020,PHONE_NUMBER,473,489,[116.203.246.181
msg_020,PHONE_NUMBER,3071,3081,1736748377
msg_020,PHONE_NUMBER,3085,3095,1737353177
msg_020,PHONE_NUMBER,3817,3827,1736748377
msg_020,PHONE_NUMBER,3831,3841,1737353177
msg_020,US_DRIVER_LICENSE,5051,5054,a25
msg_020,US_DRIVER_LICENSE,5062,5064,b0
msg_020,US_DRIVER_LICENSE,5069,5073,f516
msg_020,US_BANK_NUMBER,3059,3067,20230601
msg_020,US_BANK_NUMBER,3071,3081,1736748377
msg_020,US_BANK_NUMBER,3085,3095,1737353177
msg_020,US_BANK_NUMBER,3805,3813,20230601
msg_020,US_BANK_NUMBER,3817,3827,1736748377
msg_020,US_BANK_NUMBER,3831,3841,1737353177
msg_020,US_BANK_NUMBER,5133,5146,1736748377282
msg_020,US_DRIVER_LICENSE,797,804,4166450
msg_020,US_DRIVER_LICENSE,1176,1183,4166429
msg_020,US_DRIVER_LICENSE,3059,3067,20230601
msg_020,US_DRIVER_LICENSE,3071,3081,1736748377
msg_020,US_DRIVER_LICENSE,3085,3095,1737353177
msg_020,US_DRIVER_LICENSE,3805,3813,20230601
msg_020,US_DRIVER_LICENSE,3817,3827,1736748377
msg_020,US_DRIVER_LICENSE,3831,3841,1737353177
msg_020,US_DRIVER_LICENSE,5133,5146,1736748377282
msg_095,EMAIL_ADDRESS,2571,2608,envelope-from=dongjoon.hyun@gmail.com
msg_095,MEDICAL_LICENSE,5091,5100,mr1155818
msg_095,DATE_TIME,384,395,27 Jan 2025
msg_095,DATE_TIME,747,758,27 Jan 2025
msg_095,DATE_TIME,759,767,05:29:59
msg_095,DATE_TIME,825,836,27 Jan 2025
msg_095,DATE_TIME,1203,1214,27 Jan 2025
msg_095,DATE_TIME,1371,1382,27 Jan 2025
msg_095,DATE_TIME,1632,1643,27 Jan 2025
msg_095,NRP,1682,1688,Debian
msg_095,LOCATION,1887,1905,DKIM_VALID_AU=-0.1
msg_095,LOCATION,1946,1973,RCVD_IN_DNSWL_BLOCKED=0.001
msg_095,NRP,2077,2092,SPF_PASS=-0.001
msg_095,DATE_TIME,2362,2367,10024
msg_095,DATE_TIME,2431,2442,27 Jan 2025
msg_095,DATE_TIME,2443,2451,05:29:53
msg_095,DATE_TIME,2846,2857,27 Jan 2025
msg_095,DATE_TIME,3012,3023,26 Jan 2025
msg_095,DATE_TIME,5016,5020,2002
msg_095,DATE_TIME,5128,5139,26 Jan 2025
msg_095,DATE_TIME,5457,5468,26 Jan 2025
msg_095,DATE_TIME,5469,5477,21:29:35
msg_095,PERSON,5800,5838,"boundary=""00000000000043dfd9062ca95d43"
msg_095,PHONE_NUMBER,258,272,[3.227.148.255
msg_095,PHONE_NUMBER,473,489,[116.203.246.181
msg_095,PHONE_NUMBER,3134,3144,1737955786
msg_095,PHONE_NUMBER,3148,3158,1738560586
msg_095,PHONE_NUMBER,3880,3890,1737955786
msg_095,PHONE_NUMBER,3894,3904,1738560586
msg_095,PHONE_NUMBER,5475,5483,35 -0800
msg_095,US_DRIVER_LICENSE,2554,2558,f171
msg_095,US_DRIVER_LICENSE,2655,2659,f171
msg_095,US_DRIVER_LICENSE,2681,2685,f171
msg_095,US_DRIVER_LICENSE,2901,2905,f171
msg_095,US_DRIVER_LICENSE,5021,5024,a05
msg_095,US_DRIVER_LICENSE,5035,5037,b0
msg_095,US_BANK_NUMBER,3122,3130,20230601
msg_095,US_BANK_NUMBER,3134,3144,1737955786
msg_095,US_BANK_NUMBER,3148,3158,1738560586
msg_095,US_BANK_NUMBER,3868,3876,20230601
msg_095,US_BANK_NUMBER,3880,3890,1737955786
msg_095,US_BANK_NUMBER,3894,3904,1738560586
msg_095,US_BANK_NUMBER,5108,5121,1737955786086
msg_095,US_DRIVER_LICENSE,797,803,762185
msg_095,US_DRIVER_LICENSE,1175,1181,762162
msg_095,US_DRIVER_LICENSE,3122,3130,20230601
msg_095,US_DRIVER_LICENSE,3134,3144,1737955786
msg_095,US_DRIVER_LICENSE,3148,3158,1738560586
msg_095,US_DRIVER_LICENSE,3868,3876,20230601
msg_095,US_DRIVER_LICENSE,3880,3890,1737955786
msg_095,US_DRIVER_LICENSE,3894,3904,1738560586
msg_095,US_DRIVER_LICENSE,5108,5121,1737955786086
msg_012,EMAIL_ADDRESS,2606,2636,envelope-from=mridul@gmail.com
msg_012,DATE_TIME,385,395,9 Jan 2025
msg_012,DATE_TIME,748,758,9 Jan 2025
msg_012,DATE_TIME,826,836,9 Jan 2025
msg_012,DATE_TIME,837,845,06:16:07
msg_012,DATE_TIME,1204,1214,9 Jan 2025
msg_012,DATE_TIME,1367,1383,"Thu, 09 Jan 2025"
msg_012,PERSON,1384,1392,06:16:06
msg_012,DATE_TIME,1629,1635,"Thu,  "
msg_012,DATE_TIME,1635,1645,9 Jan 2025
msg_012,PERSON,1646,1654,06:16:06
msg_012,NRP,1684,1690,Debian
msg_012,LOCATION,1891,1909,DKIM_VALID_AU=-0.1
msg_012,LOCATION,1950,1977,RCVD_IN_DNSWL_BLOCKED=0.001
msg_012,NRP,2111,2126,SPF_PASS=-0.001
msg_012,DATE_TIME,2397,2402,10024
msg_012,DATE_TIME,2467,2477,9 Jan 2025
msg_012,DATE_TIME,2869,2875,"Thu,  "
msg_012,DATE_TIME,2875,2885,9 Jan 2025
msg_012,DATE_TIME,3039,3050,08 Jan 2025
msg_012,PERSON,3358,3402,GGUeOVA2lfiohWI6KxPwrxTLSHjXE8ZnZMndRQEyEPg=
msg_012,PERSON,4109,4153,GGUeOVA2lfiohWI6KxPwrxTLSHjXE8ZnZMndRQEyEPg=
msg_012,PERSON,4319,4387,JrU3Lqnda1z+FgrVkcskDE9Q9yGlCIpcRejps8163IH32bLz2eXPBX2tn4dmR8G4bcow
msg_012,DATE_TIME,5148,5152,2002
msg_012,DATE_TIME,5556,5571,"Thu, 9 Jan 2025"
msg_012,PHONE_NUMBER,258,272,[3.227.148.255
msg_012,PHONE_NUMBER,473,489,[116.203.246.181
msg_012,PHONE_NUMBER,1307,1323,(116.203.196.100
msg_012,PHONE_NUMBER,2358,2374,[116.203.196.100
msg_012,PHONE_NUMBER,3161,3171,1736403364
msg_012,PHONE_NUMBER,3175,3185,1737008164
msg_012,PHONE_NUMBER,3907,3917,1736403364
msg_012,PHONE_NUMBER,3921,3931,1737008164
msg_012,PHONE_NUMBER,5277,5285,04 -0800
msg_012,US_DRIVER_LICENSE,2589,2593,f182
msg_012,US_DRIVER_LICENSE,2683,2687,f182
msg_012,US_DRIVER_LICENSE,2709,2713,f182
msg_012,US_DRIVER_LICENSE,2929,2933,f182
msg_012,US_DRIVER_LICENSE,3621,3623,b0
msg_012,US_DRIVER_LICENSE,5129,5131,K4
msg_012,US_DRIVER_LICENSE,5153,5156,a17
msg_012,US_DRIVER_LICENSE,5166,5168,b0
msg_012,US_DRIVER_LICENSE,5404,5408,A379
msg_012,US_DRIVER_LICENSE,5414,5418,A816
msg_012,US_DRIVER_LICENSE,5466,5470,A379
msg_012,US_DRIVER_LICENSE,5476,5480,A816
msg_012,US_BANK_NUMBER,3149,3157,20230601
msg_012,US_BANK_NUMBER,3161,3171,1736403364
msg_012,US_BANK_NUMBER,3175,3185,1737008164
msg_012,US_BANK_NUMBER,3895,3903,20230601
msg_012,US_BANK_NUMBER,3907,3917,1736403364
msg_012,US_BANK_NUMBER,3921,3931,1737008164
msg_012,US_BANK_NUMBER,5238,5251,1736403364345
msg_012,US_DRIVER_LICENSE,797,804,3921130
msg_012,US_DRIVER_LICENSE,1175,1182,3921107
msg_012,US_DRIVER_LICENSE,3149,3157,20230601
msg_012,US_DRIVER_LICENSE,3161,3171,1736403364
msg_012,US_DRIVER_LICENSE,3175,3185,1737008164
msg_012,US_DRIVER_LICENSE,3895,3903,20230601
msg_012,US_DRIVER_LICENSE,3907,3917,1736403364
msg_012,US_DRIVER_LICENSE,3921,3931,1737008164
msg_012,US_DRIVER_LICENSE,5238,5251,1736403364345
msg_103,EMAIL_ADDRESS,2690,2729,envelope-from=mich.talebzadeh@gmail.com
msg_103,DATE_TIME,382,393,27 Jan 2025
msg_103,DATE_TIME,394,402,15:11:21
msg_103,LOCATION,487,490,c2c
msg_103,DATE_TIME,835,846,27 Jan 2025
msg_103,DATE_TIME,847,855,15:11:21
msg_103,DATE_TIME,914,925,27 Jan 2025
msg_103,DATE_TIME,1293,1304,27 Jan 2025
msg_103,DATE_TIME,1462,1473,27 Jan 2025
msg_103,DATE_TIME,1724,1735,27 Jan 2025
msg_103,NRP,1774,1780,Debian
msg_103,LOCATION,1979,1997,DKIM_VALID_AU=-0.1
msg_103,LOCATION,2038,2065,RCVD_IN_DNSWL_BLOCKED=0.001
msg_103,NRP,2174,2189,SPF_PASS=-0.001
msg_103,DATE_TIME,2481,2486,10024
msg_103,DATE_TIME,2550,2561,27 Jan 2025
msg_103,DATE_TIME,2967,2978,27 Jan 2025
msg_103,DATE_TIME,3133,3144,27 Jan 2025
msg_103,DATE_TIME,3145,3153,07:11:14
msg_103,DATE_TIME,3253,3265,t=1737990668
msg_103,DATE_TIME,3999,4011,t=1737990668
msg_103,DATE_TIME,5242,5246,2002
msg_103,DATE_TIME,5352,5363,27 Jan 2025
msg_103,DATE_TIME,5854,5865,27 Jan 2025
msg_103,DATE_TIME,5866,5874,15:10:32
msg_103,LOCATION,6082,6106,hive-metastore-2.3.x.jar
msg_103,IP_ADDRESS,478,497,2a01:4f8:c2c:d4aa::
msg_103,URL,6153,6162,balaji.su
msg_103,PHONE_NUMBER,256,270,[95.216.194.37
msg_103,PHONE_NUMBER,1397,1413,(116.203.196.100
msg_103,PHONE_NUMBER,2442,2458,[116.203.196.100
msg_103,PHONE_NUMBER,3255,3265,1737990668
msg_103,PHONE_NUMBER,3269,3279,1738595468
msg_103,PHONE_NUMBER,4001,4011,1737990668
msg_103,PHONE_NUMBER,4015,4025,1738595468
msg_103,US_DRIVER_LICENSE,582,588,X25519
msg_103,US_DRIVER_LICENSE,2673,2677,f173
msg_103,US_DRIVER_LICENSE,2776,2780,f173
msg_103,US_DRIVER_LICENSE,2802,2806,f173
msg_103,US_DRIVER_LICENSE,3022,3026,f173
msg_103,US_DRIVER_LICENSE,4492,4495,y55
msg_103,US_DRIVER_LICENSE,5247,5250,a05
msg_103,US_DRIVER_LICENSE,5260,5262,b0
msg_103,US_BANK_NUMBER,3243,3251,20230601
msg_103,US_BANK_NUMBER,3255,3265,1737990668
msg_103,US_BANK_NUMBER,3269,3279,1738595468
msg_103,US_BANK_NUMBER,3989,3997,20230601
msg_103,US_BANK_NUMBER,4001,4011,1737990668
msg_103,US_BANK_NUMBER,4015,4025,1738595468
msg_103,US_BANK_NUMBER,5332,5345,1737990667840
msg_103,US_DRIVER_LICENSE,885,892,1994761
msg_103,US_DRIVER_LICENSE,1264,1271,1994738
msg_103,US_DRIVER_LICENSE,3243,3251,20230601
msg_103,US_DRIVER_LICENSE,3255,3265,1737990668
msg_103,US_DRIVER_LICENSE,3269,3279,1738595468
msg_103,US_DRIVER_LICENSE,3989,3997,20230601
msg_103,US_DRIVER_LICENSE,4001,4011,1737990668
msg_103,US_DRIVER_LICENSE,4015,4025,1738595468
msg_103,US_DRIVER_LICENSE,5332,5345,1737990667840
